{"cameraMode":{"drawMode":0,"name":"Shaded","section":"Shading Mode"},"sceneLighting":true,"audioPlay":false,"sceneViewState":{"showFog":true,"showMaterialUpdate":false,"showSkybox":false,"showFlares":true,"showImageEffects":true,"showParticleSystems":true},"in2DMode":false,"pivot":{"x":1.5031872987747193,"y":2.8375871181488039,"z":0.33509117364883425},"rotation":{"x":0.27751868963241579,"y":-0.3506571650505066,"z":0.1096254289150238,"w":0.8877007961273193},"size":13.30986499786377,"orthographic":false}