{"cameraMode":{"drawMode":0,"name":"Shaded","section":"Shading Mode"},"sceneLighting":false,"audioPlay":false,"sceneViewState":{"showFog":true,"showMaterialUpdate":false,"showSkybox":false,"showFlares":true,"showImageEffects":true,"showParticleSystems":true},"in2DMode":false,"pivot":{"x":1.3942621946334839,"y":3.1433534622192385,"z":-1.5477268695831299},"rotation":{"x":-0.2947748303413391,"y":0.3673224151134491,"z":-0.12397423386573792,"w":-0.8733950257301331},"size":19.691469192504884,"orthographic":false}