{"cameraMode":{"drawMode":0,"name":"Shaded","section":"Shading Mode"},"sceneLighting":true,"audioPlay":false,"sceneViewState":{"showFog":true,"showMaterialUpdate":false,"showSkybox":true,"showFlares":true,"showImageEffects":true,"showParticleSystems":true},"in2DMode":false,"pivot":{"x":356.0887451171875,"y":165.9321746826172,"z":333.8470764160156},"rotation":{"x":-0.12504547834396363,"y":-0.02113761380314827,"z":0.002660323865711689,"w":-0.9919393062591553},"size":558.525146484375,"orthographic":true}