{"cameraMode":{"drawMode":0,"name":"Shaded","section":"Shading Mode"},"sceneLighting":false,"audioPlay":false,"sceneViewState":{"showFog":true,"showMaterialUpdate":false,"showSkybox":false,"showFlares":true,"showImageEffects":true,"showParticleSystems":true},"in2DMode":false,"pivot":{"x":-6.056191444396973,"y":-8.406099319458008,"z":-78.53761291503906},"rotation":{"x":0.20182594656944276,"y":-0.17004011571407319,"z":0.03566393256187439,"w":0.9639207124710083},"size":38.76665115356445,"orthographic":false}