{"cameraMode":{"drawMode":0,"name":"Shaded","section":"Shading Mode"},"sceneLighting":false,"audioPlay":false,"sceneViewState":{"showFog":true,"showMaterialUpdate":false,"showSkybox":false,"showFlares":true,"showImageEffects":true,"showParticleSystems":true},"in2DMode":false,"pivot":{"x":-3.0189709663391115,"y":1.6716399192810059,"z":0.3100324869155884},"rotation":{"x":-0.02871898002922535,"y":0.9709073305130005,"z":-0.180610790848732,"w":-0.15478916466236115},"size":24.651798248291017,"orthographic":false}