{"cameraMode":{"drawMode":0,"name":"Shaded","section":"Shading Mode"},"sceneLighting":true,"audioPlay":false,"sceneViewState":{"showFog":true,"showMaterialUpdate":false,"showSkybox":false,"showFlares":true,"showImageEffects":true,"showParticleSystems":true},"in2DMode":false,"pivot":{"x":1.8376418352127076,"y":0.47029659152030947,"z":0.5790268182754517},"rotation":{"x":0.3225645124912262,"y":-0.07090133428573609,"z":0.024237757548689843,"w":0.9435778260231018},"size":16.900836944580079,"orthographic":false}