{"cameraMode":{"drawMode":0,"name":"Shaded","section":"Shading Mode"},"sceneLighting":false,"audioPlay":false,"sceneViewState":{"showFog":true,"showMaterialUpdate":false,"showSkybox":false,"showFlares":true,"showImageEffects":true,"showParticleSystems":true},"in2DMode":false,"pivot":{"x":-0.1625639796257019,"y":0.2360922396183014,"z":-0.6367455720901489},"rotation":{"x":0.24435092508792878,"y":0.32010191679000857,"z":-0.08571392297744751,"w":0.9114155769348145},"size":4.320199012756348,"orthographic":false}