{"cameraMode":{"drawMode":0,"name":"Shaded","section":"Shading Mode"},"sceneLighting":false,"audioPlay":false,"sceneViewState":{"showFog":true,"showMaterialUpdate":false,"showSkybox":false,"showFlares":true,"showImageEffects":true,"showParticleSystems":true},"in2DMode":false,"pivot":{"x":1.5276823043823243,"y":0.683826208114624,"z":0.3426838517189026},"rotation":{"x":-0.21416844427585603,"y":0.49591362476348879,"z":-0.12768606841564179,"w":-0.8318089246749878},"size":4.630591869354248,"orthographic":false}