{"cameraMode":{"drawMode":0,"name":"Shaded","section":"Shading Mode"},"sceneLighting":false,"audioPlay":false,"sceneViewState":{"showFog":true,"showMaterialUpdate":false,"showSkybox":false,"showFlares":true,"showImageEffects":true,"showParticleSystems":true},"in2DMode":false,"pivot":{"x":-2.169142246246338,"y":-11.877874374389649,"z":-31.491870880126954},"rotation":{"x":-0.28972041606903078,"y":0.47790515422821047,"z":-0.17061366140842439,"w":-0.8115319609642029},"size":124.57858276367188,"orthographic":false}