{"cameraMode":{"drawMode":0,"name":"Shaded","section":"Shading Mode"},"sceneLighting":false,"audioPlay":false,"sceneViewState":{"showFog":false,"showMaterialUpdate":false,"showSkybox":false,"showFlares":false,"showImageEffects":false,"showParticleSystems":false},"in2DMode":false,"pivot":{"x":-1.0267539024353028,"y":1.051379680633545,"z":0.7544413208961487},"rotation":{"x":-0.0201939158141613,"y":0.9796957969665527,"z":-0.1330680251121521,"w":-0.14866948127746583},"size":8.834251403808594,"orthographic":true}