{"cameraMode":{"drawMode":0,"name":"Shaded","section":"Shading Mode"},"sceneLighting":false,"audioPlay":false,"sceneViewState":{"showFog":true,"showMaterialUpdate":false,"showSkybox":false,"showFlares":true,"showImageEffects":true,"showParticleSystems":true},"in2DMode":false,"pivot":{"x":1.283510446548462,"y":0.1320054531097412,"z":-0.5909922122955322},"rotation":{"x":0.007519539911299944,"y":-0.9761650562286377,"z":0.21419325470924378,"w":0.0342700220644474},"size":4.03278923034668,"orthographic":false}