{"cameraMode":{"drawMode":0,"name":"Shaded","section":"Shading Mode"},"sceneLighting":false,"audioPlay":false,"sceneViewState":{"showFog":false,"showMaterialUpdate":false,"showSkybox":false,"showFlares":false,"showImageEffects":false,"showParticleSystems":true},"in2DMode":false,"pivot":{"x":-54.86883544921875,"y":-18.139469146728517,"z":-23.954452514648439},"rotation":{"x":-0.28855422139167788,"y":0.09801377356052399,"z":-0.029709359630942346,"w":-0.9519718885421753},"size":102.09291076660156,"orthographic":false}