{"cameraMode":{"drawMode":0,"name":"Shaded","section":"Shading Mode"},"sceneLighting":false,"audioPlay":false,"sceneViewState":{"showFog":true,"showMaterialUpdate":true,"showSkybox":false,"showFlares":true,"showImageEffects":true,"showParticleSystems":true},"in2DMode":false,"pivot":{"x":0.37408798933029177,"y":1.2623218297958375,"z":0.43204402923583987},"rotation":{"x":-0.21648336946964265,"y":-0.191277876496315,"z":0.04329074174165726,"w":-0.9564006328582764},"size":8.38395881652832,"orthographic":false}