{"cameraMode":{"drawMode":0,"name":"Shaded","section":"Shading Mode"},"sceneLighting":true,"audioPlay":false,"sceneViewState":{"showFog":true,"showMaterialUpdate":true,"showSkybox":true,"showFlares":true,"showImageEffects":true,"showParticleSystems":true},"in2DMode":false,"pivot":{"x":-41.07734680175781,"y":3.4223897457122804,"z":47.20637893676758},"rotation":{"x":-0.13658969104290009,"y":-0.24914339184761048,"z":0.03550780564546585,"w":-0.958145022392273},"size":144.32774353027345,"orthographic":false}