{"cameraMode":{"drawMode":0,"name":"Shaded","section":"Shading Mode"},"sceneLighting":false,"audioPlay":false,"sceneViewState":{"showFog":false,"showMaterialUpdate":false,"showSkybox":false,"showFlares":false,"showImageEffects":false,"showParticleSystems":true},"in2DMode":false,"pivot":{"x":-0.24802064895629884,"y":1.1833727359771729,"z":0.3146820068359375},"rotation":{"x":-0.24154165387153626,"y":0.35558071732521059,"z":-0.09566252678632736,"w":-0.8978156447410584},"size":3.9306395053863527,"orthographic":false}