{"cameraMode":{"drawMode":0,"name":"Shaded","section":"Shading Mode"},"sceneLighting":false,"audioPlay":false,"sceneViewState":{"showFog":false,"showMaterialUpdate":false,"showSkybox":false,"showFlares":false,"showImageEffects":false,"showParticleSystems":true},"in2DMode":false,"pivot":{"x":-3.0146067142486574,"y":1.9330883026123047,"z":-1.755716323852539},"rotation":{"x":-0.28855422139167788,"y":0.09801377356052399,"z":-0.029709359630942346,"w":-0.9519718885421753},"size":290.6611022949219,"orthographic":false}