{"cameraMode":{"drawMode":0,"name":"Shaded","section":"Shading Mode"},"sceneLighting":false,"audioPlay":false,"sceneViewState":{"showFog":false,"showMaterialUpdate":false,"showSkybox":false,"showFlares":false,"showImageEffects":false,"showParticleSystems":true},"in2DMode":false,"pivot":{"x":-0.5111948251724243,"y":1.8117632865905762,"z":-2.7686541080474855},"rotation":{"x":0.43795114755630495,"y":0.41305530071258547,"z":-0.23726733028888703,"w":0.7624232172966003},"size":24.814701080322267,"orthographic":false}