{"cameraMode":{"drawMode":0,"name":"Shaded","section":"Shading Mode"},"sceneLighting":false,"audioPlay":false,"sceneViewState":{"showFog":false,"showMaterialUpdate":false,"showSkybox":false,"showFlares":false,"showImageEffects":false,"showParticleSystems":true},"in2DMode":false,"pivot":{"x":0.15150094032287599,"y":1.182891845703125,"z":-0.9402545690536499},"rotation":{"x":0.35049816966056826,"y":0.42303597927093508,"z":-0.18180547654628755,"w":0.8155607581138611},"size":3.8155314922332765,"orthographic":false}