{"cameraMode":{"drawMode":0,"name":"Shaded","section":"Shading Mode"},"sceneLighting":false,"audioPlay":false,"sceneViewState":{"showFog":false,"showMaterialUpdate":false,"showSkybox":false,"showFlares":false,"showImageEffects":false,"showParticleSystems":true},"in2DMode":false,"pivot":{"x":17.623239517211915,"y":7.325583457946777,"z":10.566349029541016},"rotation":{"x":-0.3143846392631531,"y":0.1267901360988617,"z":-0.04241282120347023,"w":-0.9398348927497864},"size":34.16532897949219,"orthographic":false}